title,abstract
StreamDiffusion: A Pipeline-level Solution for Real-time Interactive Generation,"We introduce StreamDiffusion, a real-time diffusion pipeline designed for interactive image generation."
Ferret: Refer and Ground Anything Anywhere at Any Granularity,"We introduce Ferret, a new Multimodal Large Language Model (MLLM) capable of understanding spatial referring of any shape or granularity within an image and accurately grounding open-vocabulary descriptions."
PowerInfer: Fast Large Language Model Serving with a Consumer-grade GPU,"This paper introduces PowerInfer, a high-speed Large Language Model (LLM) inference engine on a personal computer (PC) equipped with a single consumer-grade GPU."
Splatter Image: Ultra-Fast Single-View 3D Reconstruction,"We introduce the Splatter Image, an ultra-fast approach for monocular 3D object reconstruction which operates at 38 FPS."
Paint3D: Paint Anything 3D with Lighting-Less Texture Diffusion Models,"This paper presents Paint3D, a novel coarse-to-fine generative framework that is capable of producing high-resolution, lighting-less, and diverse 2K UV texture maps for untextured 3D meshes conditioned on text or image inputs."
LongLLMLingua: Accelerating and Enhancing LLMs in Long Context Scenarios via Prompt Compression,"Inspired by these findings, we propose LongLLMLingua for prompt compression towards improving LLMs' perception of the key information to simultaneously address the three challenges."
Using Sequences of Life-events to Predict Human Lives,We can also represent human lives in a way that shares this structural similarity to language.
Osprey: Pixel Understanding with Visual Instruction Tuning,"In this paper, we propose Osprey, a mask-text instruction tuning approach, to extend MLLMs by incorporating fine-grained mask regions into language instruction, aiming at achieving pixel-wise visual understanding."
T3Bench: Benchmarking Current Progress in Text-to-3D Generation,Recent methods in text-to-3D leverage powerful pretrained diffusion models to optimize NeRF.
OpenVoice: Versatile Instant Voice Cloning,The voice styles are not directly copied from and constrained by the style of the reference speaker.
Repaint123: Fast and High-quality One Image to 3D Generation with Progressive Controllable 2D Repainting,The core idea is to combine the powerful image generation capability of the 2D diffusion model and the texture alignment ability of the repainting strategy for generating high-quality multi-view images with consistency.
Generative Multimodal Models are In-Context Learners,"The human ability to easily solve multimodal tasks in context (i. e., with only a few demonstrations or simple instructions), is what current multimodal systems have largely struggled to imitate."
Mamba: Linear-Time Sequence Modeling with Selective State Spaces,"Foundation models, now powering most of the exciting applications in deep learning, are almost universally based on the Transformer architecture and its core attention module."
HD-Painter: High-Resolution and Prompt-Faithful Text-Guided Image Inpainting with Diffusion Models,"Recent progress in text-guided image inpainting, based on the unprecedented success of text-to-image diffusion models, has led to exceptionally realistic and visually plausible results."
Repurposing Diffusion-Based Image Generators for Monocular Depth Estimation,Monocular depth estimation is a fundamental computer vision task.
Retrieval-Augmented Generation for Large Language Models: A Survey,"RAG effectively combines the parameterized knowledge of LLMs with non-parameterized external knowledge bases, making it one of the most important methods for implementing large language models."
Simplifying and Empowering Transformers for Large-Graph Representations,Learning representations on large-sized graphs is a long-standing challenge due to the inter-dependence nature involved in massive data points.
TinySAM: Pushing the Envelope for Efficient Segment Anything Model,We first propose a full-stage knowledge distillation method with online hard prompt sampling strategy to distill a lightweight student model.
Model scale versus domain knowledge in statistical forecasting of chaotic systems,"Here, we perform the largest to-date comparative study of forecasting methods on the classical problem of forecasting chaos: we benchmark 24 state-of-the-art forecasting methods on a crowdsourced database of 135 low-dimensional systems with 17 forecast metrics."
WHAM: Reconstructing World-grounded Humans with Accurate 3D Motion,"We address these limitations with WHAM (World-grounded Humans with Accurate Motion), which accurately and efficiently reconstructs 3D human motion in a global coordinate system from video."
CLIP-DINOiser: Teaching CLIP a few DINO tricks,"We propose to locally improve dense MaskCLIP features, computed with a simple modification of CLIP's last pooling layer, by integrating localization priors extracted from self-supervised features."
CogAgent: A Visual Language Model for GUI Agents,"People are spending an enormous amount of time on digital devices through graphical user interfaces (GUIs), e. g., computer or smartphone screens."
Tokenize Anything via Prompting,The semantic token is responsible for learning the semantic priors in a predefined concept space.
An In-depth Look at Gemini's Language Abilities,The recently released Google Gemini class of models are the first to comprehensively report results that rival the OpenAI GPT series across a wide variety of tasks.
Pearl: A Production-ready Reinforcement Learning Agent,Reinforcement Learning (RL) offers a versatile framework for achieving long-term goals.
"Generative agent-based modeling with actions grounded in physical, social, or digital space using Concordia","Agent-based modeling has been around for decades, and applied widely across the social and natural sciences."
LLMGA: Multimodal Large Language Model based Generation Assistant,"In the first stage, we train the MLLM to grasp the properties of image generation and editing, enabling it to generate detailed prompts."
NEFTune: Noisy Embeddings Improve Instruction Finetuning,"We show that language model finetuning can be improved, sometimes dramatically, with a simple augmentation."
ProlificDreamer: High-Fidelity and Diverse Text-to-3D Generation with Variational Score Distillation,"In comparison, VSD works well with various CFG weights as ancestral sampling from diffusion models and simultaneously improves the diversity and sample quality with a common CFG weight (i. e., $7. 5$)."
Faster Diffusion: Rethinking the Role of UNet Encoder in Diffusion Models,This finding inspired us to omit the encoder at certain adjacent time-steps and reuse cyclically the encoder features in the previous time-steps for the decoder.
MetaGPT: Meta Programming for A Multi-Agent Collaborative Framework,Remarkable progress has been made on automated problem solving through societies of agents based on large language models (LLMs).
Instruction Tuning with Human Curriculum,The dominant paradigm for instruction tuning is the random-shuffled training of maximally diverse instruction-response pairs.
FontDiffuser: One-Shot Font Generation via Denoising Diffusion with Multi-Scale Content Aggregation and Style Contrastive Learning,"Automatic font generation is an imitation task, which aims to create a font library that mimics the style of reference images while preserving the content from source images."
"A Survey of Reasoning with Foundation Models: Concepts, Methodologies, and Outlook","Reasoning, a crucial ability for complex problem-solving, plays a pivotal role in various real-world settings such as negotiation, medical diagnosis, and criminal investigation."
Machine Mindset: An MBTI Exploration of Large Language Models,"We present a novel approach for integrating Myers-Briggs Type Indicator (MBTI) personality traits into large language models (LLMs), addressing the challenges of personality consistency in personalized AI."
"Point Transformer V3: Simpler, Faster, Stronger",This paper is not motivated to seek innovation within the attention mechanism.
The Chosen One: Consistent Characters in Text-to-Image Diffusion Models,"Our quantitative analysis demonstrates that our method strikes a better balance between prompt alignment and identity consistency compared to the baseline methods, and these findings are reinforced by a user study."
T-Eval: Evaluating the Tool Utilization Capability Step by Step,"In contrast to previous works that evaluate models holistically, we comprehensively decompose the tool utilization into multiple sub-processes, including instruction following, planning, reasoning, retrieval, understanding, and review."
IP-Adapter: Text Compatible Image Prompt Adapter for Text-to-Image Diffusion Models,"Despite the simplicity of our method, an IP-Adapter with only 22M parameters can achieve comparable or even better performance to a fully fine-tuned image prompt model."
FreeInit: Bridging Initialization Gap in Video Diffusion Models,"Though diffusion-based video generation has witnessed rapid progress, the inference results of existing models still exhibit unsatisfactory temporal consistency and unnatural dynamics."
OccNeRF: Self-Supervised Multi-Camera Occupancy Prediction with Neural Radiance Fields,"Moreover, for semantic occupancy prediction, we design several strategies to polish the prompts and filter the outputs of a pretrained open-vocabulary 2D segmentation model."
Gaussian Grouping: Segment and Edit Anything in 3D Scenes,"To address this issue, we propose Gaussian Grouping, which extends Gaussian Splatting to jointly reconstruct and segment anything in open-world 3D scenes."
Disentangling Writer and Character Styles for Handwriting Generation,"In light of this, we propose to disentangle the style representations at both writer and character levels from individual handwritings to synthesize realistic stylized online handwritten characters."
Polyper: Boundary Sensitive Polyp Segmentation,"We present a new boundary sensitive framework for polyp segmentation, called Polyper."
Effective Quantization for Diffusion Models on CPUs,Diffusion models have gained popularity for generating images from textual descriptions.
Distil-Whisper: Robust Knowledge Distillation via Large-Scale Pseudo Labelling,"As the size of pre-trained speech recognition models increases, running these large models in low-latency or resource-constrained environments becomes challenging."
SlimmeRF: Slimmable Radiance Fields,"To this end, we present SlimmeRF, a model that allows for instant test-time trade-offs between model size and accuracy through slimming, thus making the model simultaneously suitable for scenarios with different computing budgets."
Unsupervised Representation Learning from Pre-trained Diffusion Probabilistic Models,"These imply that the gap corresponds to the lost information of the image, and we can reconstruct the image by filling the gap."
FedMLSecurity: A Benchmark for Attacks and Defenses in Federated Learning and Federated LLMs,"This paper introduces FedMLSecurity, a benchmark designed to simulate adversarial attacks and corresponding defense mechanisms in Federated Learning (FL)."
MMDesign: Multi-Modality Transfer Learning for Generative Protein Design,Protein design involves generating protein sequences based on their corresponding protein backbones.
FedML: A Research Library and Benchmark for Federated Machine Learning,Federated learning (FL) is a rapidly growing research field in machine learning.
Monkey: Image Resolution and Text Label Are Important Things for Large Multi-modal Models,"Additionally, experiments on 18 datasets further demonstrate that Monkey surpasses existing LMMs in many tasks like Image Captioning and various Visual Question Answering formats."
Tracking Any Object Amodally,We achieve a 3. 3\% and 1. 6\% improvement on the detection and tracking of occluded objects on TAO-Amodal.
LingoQA: Video Question Answering for Autonomous Driving,"To fill this gap, we introduce LingoQA, a benchmark specifically for autonomous driving Video QA."
Direct Preference Optimization: Your Language Model is Secretly a Reward Model,"Existing methods for gaining such steerability collect human labels of the relative quality of model generations and fine-tune the unsupervised LM to align with these preferences, often with reinforcement learning from human feedback (RLHF)."
OpenStereo: A Comprehensive Benchmark for Stereo Matching and Strong Baseline,Our extensive comparative analyses of StereoBase against numerous contemporary stereo matching methods on the SceneFlow dataset demonstrate its remarkably strong performance.
LMDrive: Closed-Loop End-to-End Driving with Large Language Models,"On the other hand, previous autonomous driving methods tend to rely on limited-format inputs (e. g. sensor data and navigation waypoints), restricting the vehicle's ability to understand language information and interact with humans."
Magicoder: Source Code Is All You Need,"Magicoder models are trained on 75K synthetic instruction data using OSS-Instruct, a novel approach to enlightening LLMs with open-source code snippets to generate high-quality instruction data for code."
AM-RADIO: Agglomerative Model -- Reduce All Domains Into One,A handful of visual foundation models (VFMs) have recently emerged as the backbones for numerous downstream tasks.
Focus on Your Instruction: Fine-grained and Multi-instruction Image Editing by Attention Modulation,"For the first objective, we identify the implicit grounding capability of IP2P from the cross-attention between instruction and image, then develop an effective mask extraction method."
Unmasking and Improving Data Credibility: A Study with Datasets for Training Harmless Language Models,"Given the cost and difficulty of cleaning these datasets by humans, we introduce a systematic framework for evaluating the credibility of datasets, identifying label errors, and evaluating the influence of noisy labels in the curated language data, specifically focusing on unsafe comments and conversation classification."
SemiVL: Semi-Supervised Semantic Segmentation with Vision-Language Guidance,"In SemiVL, we propose to integrate rich priors from VLM pre-training into semi-supervised semantic segmentation to learn better semantic decision boundaries."
Towards Robust and Expressive Whole-body Human Pose and Shape Estimation,"Whole-body pose and shape estimation aims to jointly predict different behaviors (e. g., pose, hand gesture, facial expression) of the entire human body from a monocular image."
DiffPortrait3D: Controllable Diffusion for Zero-Shot Portrait View Synthesis,The rendering view is then manipulated with a novel conditional control module that interprets the camera pose by watching a condition image of a crossed subject from the same view.
PromptBench: A Unified Library for Evaluation of Large Language Models,The evaluation of large language models (LLMs) is crucial to assess their performance and mitigate potential security risks.
DreamCraft3D: Hierarchical 3D Generation with Bootstrapped Diffusion Prior,The score distillation from this 3D-aware diffusion prior provides view-consistent guidance for the scene.
Agent Attention: On the Integration of Softmax and Linear Attention,"Specifically, the Agent Attention, denoted as a quadruple $(Q, A, K, V)$, introduces an additional set of agent tokens $A$ into the conventional attention module."
GeoChat: Grounded Large Vision-Language Model for Remote Sensing,"Furthermore, the lack of domain-specific multimodal instruction following data as well as strong backbone models for RS make it hard for the models to align their behavior with user queries."
Improving Sample Quality of Diffusion Models Using Self-Attention Guidance,Denoising diffusion models (DDMs) have attracted attention for their exceptional generation quality and diversity.
Mistral 7B,"We introduce Mistral 7B v0. 1, a 7-billion-parameter language model engineered for superior performance and efficiency."
GraphCast: Learning skillful medium-range global weather forecasting,Global medium-range weather forecasting is critical to decision-making across many social and economic domains.
GLM-130B: An Open Bilingual Pre-trained Model,"We introduce GLM-130B, a bilingual (English and Chinese) pre-trained language model with 130 billion parameters."
An Image is Worth 16x16 Words: Transformers for Image Recognition at Scale,"While the Transformer architecture has become the de-facto standard for natural language processing tasks, its applications to computer vision remain limited."
DriveLM: Driving with Graph Visual Question Answering,"The experiments demonstrate that Graph VQA provides a simple, principled framework for reasoning about a driving scene, and DriveLM-Data provides a challenging benchmark for this task."
Seamless: Multilingual Expressive and Streaming Speech Translation,"In this work, we introduce a family of models that enable end-to-end expressive and multilingual translations in a streaming fashion."
LM-Cocktail: Resilient Tuning of Language Models via Model Merging,"Despite simplicity, LM-Cocktail is surprisingly effective: the resulted model is able to achieve a strong empirical performance in the whole scope of general tasks while preserving a superior capacity in its targeted domain."
FoundationPose: Unified 6D Pose Estimation and Tracking of Novel Objects,"We present FoundationPose, a unified foundation model for 6D object pose estimation and tracking, supporting both model-based and model-free setups."
ModelScope-Agent: Building Your Customizable Agent System with Open-source Large Language Models,"Large language models (LLMs) have recently demonstrated remarkable capabilities to comprehend human intentions, engage in reasoning, and design planning-like behavior."
EduChat: A Large-Scale Language Model-based Chatbot System for Intelligent Education,"Currently, EduChat is available online as an open-source project, with its code, data, and model parameters available on platforms (e. g., GitHub https://github. com/icalk-nlp/EduChat, Hugging Face https://huggingface. co/ecnu-icalk )."
NeO 360: Neural Fields for Sparse View Synthesis of Outdoor Scenes,NeO 360's representation allows us to learn from a large collection of unbounded 3D scenes while offering generalizability to new views and novel scenes from as few as a single image during inference.
A Challenger to GPT-4V? Early Explorations of Gemini in Visual Expertise,"They endow Large Language Models (LLMs) with powerful capabilities in visual understanding, enabling them to tackle diverse multi-modal tasks."
Language Models are Few-Shot Learners,"By contrast, humans can generally perform a new language task from only a few examples or from simple instructions - something which current NLP systems still largely struggle to do."
VolumeDiffusion: Flexible Text-to-3D Generation with Efficient Volumetric Encoder,The 3D volumes are then trained on a diffusion model for text-to-3D generation using a 3D U-Net.
Set Transformer: A Framework for Attention-based Permutation-Invariant Neural Networks,"Many machine learning tasks such as multiple instance learning, 3D shape recognition, and few-shot image classification are defined on sets of instances."
Neural Codec Language Models are Zero-Shot Text to Speech Synthesizers,"In addition, we find Vall-E could preserve the speaker's emotion and acoustic environment of the acoustic prompt in synthesis."
Brush Your Text: Synthesize Any Scene Text on Images via Diffusion Model,"To tackle this problem, we propose Diff-Text, which is a training-free scene text generation framework for any language."
"A Survey of Large Language Models in Medicine: Principles, Applications, and Challenges","Therefore, the application of LLMs in medicine to assist physicians and patient care emerges as a promising research direction in both artificial intelligence and clinical medicine."
Efficient Parallelization of a Ubiquitous Sequential Computation,"We find a succinct expression for computing the sequence $x_t = a_t x_{t-1} + b_t$ in parallel with two prefix sums, given $t = (1, 2, \dots, n)$, $a_t \in \mathbb{R}^n$, $b_t \in \mathbb{R}^n$, and initial value $x_0 \in \mathbb{R}$."
OneLLM: One Framework to Align All Modalities with Language,"In detail, we first train an image projection module to connect a vision encoder with LLM."
3D Gaussian Splatting for Real-Time Radiance Field Rendering,Radiance Field methods have recently revolutionized novel-view synthesis of scenes captured with multiple photos or videos.
PLAID: An Efficient Engine for Late Interaction Retrieval,"PLAID uses centroid interaction as well as centroid pruning, a mechanism for sparsifying the bag of centroids, within a highly-optimized engine to reduce late interaction search latency by up to 7$\times$ on a GPU and 45$\times$ on a CPU against vanilla ColBERTv2, while continuing to deliver state-of-the-art retrieval quality."
A General Theoretical Paradigm to Understand Learning from Human Preferences,In particular we derive a new general objective called $\Psi$PO for learning from human preferences that is expressed in terms of pairwise preferences and therefore bypasses both approximations.
DeepCache: Accelerating Diffusion Models for Free,Diffusion models have recently gained unprecedented attention in the field of image synthesis due to their remarkable generative capabilities.
S4ND: Modeling Images and Videos as Multidimensional Signals Using State Spaces,"On ImageNet-1k, S4ND exceeds the performance of a Vision Transformer baseline by $1. 5\%$ when training with a $1$D sequence of patches, and matches ConvNeXt when modeling images in $2$D."
OpenForest: A data catalogue for machine learning in forest monitoring,"These datasets are grouped in OpenForest, a dynamic catalogue open to contributions that strives to reference all available open access forest datasets."
SCLIP: Rethinking Self-Attention for Dense Vision-Language Inference,"Specifically, we replace the traditional self-attention block of CLIP vision encoder's last layer by our CSA module and reuse its pretrained projection matrices of query, key, and value, leading to a training-free adaptation approach for CLIP's zero-shot semantic segmentation."
G-LLaVA: Solving Geometric Problem with Multi-Modal Large Language Model,We first analyze the limitations of current Multimodal Large Language Models (MLLMs) in this area: they struggle to accurately comprehending basic geometric elements and their relationships.
SkyScript: A Large and Semantically Diverse Vision-Language Dataset for Remote Sensing,"Remote sensing imagery, despite its broad applications in helping achieve Sustainable Development Goals and tackle climate change, has not yet benefited from the recent advancements of versatile, task-agnostic vision language models (VLMs)."
CRUDE: Calibrating Regression Uncertainty Distributions Empirically,"Calibrated uncertainty estimates in machine learning are crucial to many fields such as autonomous vehicles, medicine, and weather and climate forecasting."
EasyPhoto: Your Smart AI Photo Generator,"By training a digital doppelganger of a specific user ID using 5 to 20 relevant images, the finetuned model (according to the trained LoRA model) allows for the generation of AI photos using arbitrary templates."
aiconfig,"aiconfig -- config-driven, source control friendly AI application development"
Metric3D: Towards Zero-shot Metric 3D Prediction from A Single Image,State-of-the-art (SOTA) monocular metric depth estimation methods can only handle a single camera model and are unable to perform mixed-data training due to the metric ambiguity.
SegVol: Universal and Interactive Volumetric Medical Image Segmentation,"Despite the remarkable progress achieved in medical image segmentation, there is still an absence of foundation segmentation model that can segment a wide range of anatomical categories with easy user interaction."
UHGEval: Benchmarking the Hallucination of Chinese Large Language Models via Unconstrained Generation,These techniques encompass the use of directed hallucination induction and strategies that deliberately alter authentic text to produce hallucinations.
Hybrid Internal Model: A Simple and Efficient Learner for Agile Legged Locomotion,Robust locomotion control depends on accurate state estimations.
Building Lane-Level Maps from Aerial Images,"In this paper, we introduce for the first time a large-scale aerial image dataset built for lane detection, with high-quality polyline lane annotations on high-resolution images of around 80 kilometers of road."
EdgeSAM: Prompt-In-the-Loop Distillation for On-Device Deployment of SAM,It is also the first SAM variant that can run at over 30 FPS on an iPhone 14.
RTMO: Towards High-Performance One-Stage Real-Time Multi-Person Pose Estimation,Real-time multi-person pose estimation presents significant challenges in balancing speed and precision.
Plum: Prompt Learning using Metaheuristic,"Since the emergence of large language models, prompt learning has become a popular method for optimizing and customizing these models."
Multi-Modal Automatic Prosody Annotation with Contrastive Pretraining of SSWP,"While human prosody annotation contributes a lot to the performance, it is a labor-intensive and time-consuming process, often resulting in inconsistent outcomes."
DreamCreature: Crafting Photorealistic Virtual Creatures from Imagination,"To bridge this gap, we introduce a novel task, Virtual Creatures Generation: Given a set of unlabeled images of the target concepts (e. g., 200 bird species), we aim to train a T2I model capable of creating new, hybrid concepts within diverse backgrounds and contexts."
VL-GPT: A Generative Pre-trained Transformer for Vision and Language Understanding and Generation,"In combination with the existing text tokenizer and detokenizer, this framework allows for the encoding of interleaved image-text data into a multimodal sequence, which can subsequently be fed into the transformer model."
Multiscale structural similarity for image quality assessment,"The structural similarity image quality paradigm is based on the assumption that the human visual system is highly adapted for extracting structural information from the scene, and therefore a measure of structural similarity can provide a good approximation to perceived image quality."
MMMU: A Massive Multi-discipline Multimodal Understanding and Reasoning Benchmark for Expert AGI,We introduce MMMU: a new benchmark designed to evaluate multimodal models on massive multi-discipline tasks demanding college-level subject knowledge and deliberate reasoning.
Baichuan 2: Open Large-scale Language Models,"Large language models (LLMs) have demonstrated remarkable performance on a variety of natural language tasks based on just a few examples of natural language instructions, reducing the need for extensive feature engineering."
DSPy: Compiling Declarative Language Model Calls into Self-Improving Pipelines,The ML community is rapidly exploring techniques for prompting language models (LMs) and for stacking them into pipelines that solve complex tasks.
PCoQA: Persian Conversational Question Answering Dataset,"Our models include baseline models and pre-trained models, which are leveraged to boost the performance of the model."
Zephyr: Direct Distillation of LM Alignment,"Starting from a dataset of outputs ranked by a teacher model, we apply distilled direct preference optimization (dDPO) to learn a chat model with significantly improved intent alignment."
A Semantic Space is Worth 256 Language Descriptions: Make Stronger Segmentation Models with Descriptive Properties,"Instead of relying solely on category-specific annotations, ProLab uses descriptive properties grounded in common sense knowledge for supervising segmentation models."
LLaVA-Plus: Learning to Use Tools for Creating Multimodal Agents,LLaVA-Plus is a general-purpose multimodal assistant that expands the capabilities of large multimodal models.
DSPy Assertions: Computational Constraints for Self-Refining Language Model Pipelines,Our reference implementation of LM Assertions is integrated into DSPy at https://github. com/stanfordnlp/dspy
SparseCtrl: Adding Sparse Controls to Text-to-Video Diffusion Models,"The development of text-to-video (T2V), i. e., generating videos with a given text prompt, has been significantly advanced in recent years."
UDiffText: A Unified Framework for High-quality Text Synthesis in Arbitrary Images via Character-aware Diffusion Models,Text-to-Image (T2I) generation methods based on diffusion model have garnered significant attention in the last few years.
The Rise and Potential of Large Language Model Based Agents: A Survey,"Many efforts have been made to develop intelligent agents, but they mainly focus on advancement in algorithms or training strategies to enhance specific capabilities or performance on particular tasks."
MMBench: Is Your Multi-modal Model an All-around Player?,"In response to these challenges, we propose MMBench, a novel multi-modality benchmark."
PonderV2: Pave the Way for 3D Foundation Model with A Universal Pre-training Paradigm,"In this paper, we introduce a comprehensive 3D pre-training framework designed to facilitate the acquisition of efficient 3D representations, thereby establishing a pathway to 3D foundational models."
Language Models are Super Mario: Absorbing Abilities from Homologous Models as a Free Lunch,"Based on this observation, we further sparsify delta parameters of multiple SFT homologous models with DARE and subsequently merge them into a single model by parameter averaging."
MegaBlocks: Efficient Sparse Training with Mixture-of-Experts,"We present MegaBlocks, a system for efficient Mixture-of-Experts (MoE) training on GPUs."
FaceChain: A Playground for Human-centric Artificial Intelligence Generated Content,"In this paper, we present FaceChain, a personalized portrait generation framework that combines a series of customized image-generation model and a rich set of face-related perceptual understanding models (\eg, face detection, deep face embedding extraction, and facial attribute recognition), to tackle aforementioned challenges and to generate truthful personalized portraits, with only a handful of portrait images as input."
Qwen Technical Report,"Large language models (LLMs) have revolutionized the field of artificial intelligence, enabling natural language processing tasks that were previously thought to be exclusive to humans."
Pose Anything: A Graph-Based Approach for Category-Agnostic Pose Estimation,"This approach not only enables object pose generation based on arbitrary keypoint definitions but also significantly reduces the associated costs, paving the way for versatile and adaptable pose estimation applications."
Mini-GPTs: Efficient Large Language Models through Contextual Pruning,"In AI research, the optimization of Large Language Models (LLMs) remains a significant challenge, crucial for advancing the field's practical applications and sustainability."
Generative Proxemics: A Prior for 3D Social Interaction from Images,"To address this, we present a novel approach that learns a prior over the 3D proxemics two people in close social interaction and demonstrate its use for single-view 3D reconstruction."
GPT-NeoX-20B: An Open-Source Autoregressive Language Model,"We introduce GPT-NeoX-20B, a 20 billion parameter autoregressive language model trained on the Pile, whose weights will be made freely and openly available to the public through a permissive license."
Adaptive Differential Evolution with Diversification: Addressing Optimization Challenges,"The existing variants of the Differential Evolution (DE) algorithm come with certain limitations, such as poor local search and susceptibility to premature convergence."
DSAP: Analyzing Bias Through Demographic Comparison of Datasets,"Often, these biases can be traced back to the data used for training, where large uncurated datasets have become the norm."
Harnessing Diffusion Models for Visual Perception with Meta Prompts,Our key insight is to introduce learnable embeddings (meta prompts) to the pre-trained diffusion models to extract proper features for perception.
"Learning from higher-order statistics, efficiently: hypothesis tests, random features, and neural networks","Our results show that neural networks extract information from higher-order correlations in the spiked cumulant model efficiently, and reveal a large gap in the amount of data required by neural networks and random features to learn from higher-order cumulants."
Aurora:Activating Chinese chat capability for Mistral-8x7B sparse Mixture-of-Experts through Instruction-Tuning,"This work is pioneering in the execution of instruction fine-tuning on a sparse expert-mixed model, marking a significant breakthrough in enhancing the capabilities of this model architecture."
A Multi-Stage Adaptive Feature Fusion Neural Network for Multimodal Gait Recognition,"In this paper, by considering the temporal and spatial characteristics of gait data, we propose a multi-stage feature fusion strategy (MSFFS), which performs multimodal fusions at different stages in the feature extraction process."
Global Occlusion-Aware Transformer for Robust Stereo Matching,"Despite the remarkable progress facilitated by learning-based stereo-matching algorithms, the performance in the ill-conditioned regions, such as the occluded regions, remains a bottleneck."
Images in Discrete Choice Modeling: Addressing Data Isomorphism in Multi-Modality Inputs,"We propose and benchmark two methodologies to address this challenge: architectural design adjustments to segregate redundant information, and isomorphic information mitigation through source information masking and inpainting."
Enhanced Latent Multi-view Subspace Clustering,"Specifically, we stack the data matrices from various views into the block-diagonal locations of the augmented matrix to exploit the complementary information."
An Empirical Study on Compliance with Ranking Transparency in the Software Documentation of EU Online Platforms,"Compliance with the European Union's Platform-to-Business (P2B) Regulation is challenging for online platforms, and assessing their compliance can be difficult for public authorities."
PC-Conv: Unifying Homophily and Heterophily with Two-fold Filtering,"This is attributed to their neglect of homophily in heterophilic graphs, and vice versa."
Inverse Transfer Multiobjective Optimization,"In this paper, we introduce a novel concept of inverse transfer in multiobjective optimization."
Attacking Byzantine Robust Aggregation in High Dimensions,Designing such aggregators is challenging when dealing with high dimensions.
Cross-Covariate Gait Recognition: A Benchmark,"Compared to existing datasets, CCGR has both population and individual-level diversity."
DuaLight: Enhancing Traffic Signal Control by Leveraging Scenario-Specific and Scenario-Shared Knowledge,"Furthermore, we implement a scenario-shared Co-Train module to facilitate the learning of generalizable dynamics information across different scenarios."
Balancing the Style-Content Trade-Off in Sentiment Transfer Using Polarity-Aware Denoising,Text sentiment transfer aims to flip the sentiment polarity of a sentence (positive to negative or vice versa) while preserving its sentiment-independent content.
PUMA: Efficient Continual Graph Learning with Graph Condensation,"Our prior work, CaT is a replay-based framework with a balanced continual learning procedure, which designs a small yet effective memory bank for replaying data by condensing incoming graphs."
On the Effectiveness of Unlearning in Session-Based Recommendation,"On the one hand, these approaches cannot achieve satisfying unlearning effects due to the collaborative correlations and sequential connections between the unlearning item and the remaining items in the session."
Reasons to Reject? Aligning Language Models with Judgments,"As humans, we consistently engage in interactions with our peers and receive feedback in the form of natural language."
Part to Whole: Collaborative Prompting for Surgical Instrument Segmentation,"To address these challenges, in this paper, we investigate text promptable surgical instrument segmentation and propose SP-SAM (SurgicalPart-SAM), a novel efficient-tuning approach that integrates surgical instrument structure knowledge with the generic segmentation knowledge of SAM."
Automating the Design of Multigrid Methods with Evolutionary Program Synthesis,"For this purpose, we develop a novel context-free grammar that enables the automated generation of multigrid methods in a symbolically-manipulable formal language, based on which we can apply the same multigrid-based solver to problems of different sizes without having to adapt its internal structure."
Joint Learning Neuronal Skeleton and Brain Circuit Topology with Permutation Invariant Encoders for Neuron Classification,"Skeleton Encoder integrates the local information of neurons in a bottom-up manner, with a one-dimensional convolution in neural skeleton's point data; Connectome Encoder uses a graph neural network to capture the topological information of neural circuit; finally, Readout Layer fuses the above two information and outputs classification results."
SCUNet++: Assessment of Pulmonary Embolism CT Image Segmentation Leveraging Swin-UNet and CNN Bottleneck Hybrid Architecture with Multi-Fusion Dense Skip Connection,"These findings demonstrate that our method exhibits strong performance in PE segmentation tasks, potentially enhancing the accuracy of automatic segmentation of PE and providing a powerful diagnostic tool for clinical physicians."
TACO: Topics in Algorithmic COde generation dataset,"Moreover, each TACO problem includes several fine-grained labels such as task topics, algorithms, programming skills, and difficulty levels, providing a more precise reference for the training and evaluation of code generation models."
Federated Learning via Input-Output Collaborative Distillation,Federated learning (FL) is a machine learning paradigm in which distributed local nodes collaboratively train a central model without sharing individually held private data.
Token-Level Contrastive Learning with Modality-Aware Prompting for Multimodal Intent Recognition,"To establish an optimal multimodal semantic environment for text modality, we develop a modality-aware prompting module (MAP), which effectively aligns and fuses features from text, video and audio modalities with similarity-based modality alignment and cross-modality attention mechanism."
Quality-Diversity Generative Sampling for Learning with Synthetic Data,"QDGS is a model-agnostic framework that uses prompt guidance to optimize a quality objective across measures of diversity for synthetically generated data, without fine-tuning the generative model."
PhysRFANet: Physics-Guided Neural Network for Real-Time Prediction of Thermal Effect During Radiofrequency Ablation Treatment,Radiofrequency ablation (RFA) is a widely used minimally invasive technique for ablating solid tumors.
Argue with Me Tersely: Towards Sentence-Level Counter-Argument Generation,The results show the competitiveness of our proposed framework and evaluator in counter-argument generation tasks.
ElasticTrainer: Speeding Up On-Device Training with Runtime Elastic Tensor Selection,"To speed up on-device training, existing schemes select trainable NN portion offline or conduct unrecoverable selection at runtime, but the evolution of trainable NN portion is constrained and cannot adapt to the current need for training."
Universal Noise Annotation: Unveiling the Impact of Noisy annotation on Object Detection,"For object detection task with noisy labels, it is important to consider not only categorization noise, as in image classification, but also localization noise, missing annotations, and bogus bounding boxes."
Gaussian Splatting with NeRF-based Color and Opacity,"To mitigate the caveats of both models, we propose a hybrid model that uses GS representation of the 3D object's shape and NeRF-based encoding of color and opacity."
$\textit{V}^*$: Guided Visual Search as a Core Mechanism in Multimodal LLMs,"However, the lack of this visual search mechanism in current multimodal LLMs (MLLMs) hinders their ability to focus on important visual details, especially when handling high-resolution and visually crowded images."
Entropic Open-set Active Learning,Active Learning (AL) aims to enhance the performance of deep models by selecting the most informative samples for annotation from a pool of unlabeled data.
A Semantic Space is Worth 256 Language Descriptions: Make Stronger Segmentation Models with Descriptive Properties,"Instead of relying solely on category-specific annotations, ProLab uses descriptive properties grounded in common sense knowledge for supervising segmentation models."
PIA: Your Personalized Image Animator via Plug-and-Play Modules in Text-to-Image Models,"Recent advancements in personalized text-to-image (T2I) models have revolutionized content creation, empowering non-experts to generate stunning images with unique styles."
"GenoCraft: A Comprehensive, User-Friendly Web-Based Platform for High-Throughput Omics Data Analysis and Visualization","With GenoCraft, researchers and data scientists have access to an array of cutting-edge bioinformatics tools under a user-friendly interface, making it a valuable resource for managing and analyzing large-scale omics data."
Adapt & Align: Continual Learning with Generative Models Latent Space Alignment,"In this work, we introduce Adapt & Align, a method for continual learning of neural networks by aligning latent representations in generative models."
InternVL: Scaling up Vision Foundation Models and Aligning for Generic Visual-Linguistic Tasks,"However, the progress in vision and vision-language foundation models, which are also critical elements of multi-modal AGI, has not kept pace with LLMs."
Bootstrap Masked Visual Modeling via Hard Patches Mining,"To empower the model as a teacher, we propose Hard Patches Mining (HPM), predicting patch-wise losses and subsequently determining where to mask."
Angle of Arrival and Centimeter Distance Estimation on a Smart UWB Sensor Node,Accurate and low-power indoor localization is becoming more and more of a necessity to empower novel consumer and industrial applications.
Geo2SigMap: High-Fidelity RF Signal Mapping Using Geographic Databases,"First, we develop an automated framework that seamlessly integrates three open-source tools: OpenStreetMap (geographic databases), Blender (computer graphics), and Sionna (ray tracing), enabling the efficient generation of large-scale 3D building maps and ray tracing models."
HD-Painter: High-Resolution and Prompt-Faithful Text-Guided Image Inpainting with Diffusion Models,"Recent progress in text-guided image inpainting, based on the unprecedented success of text-to-image diffusion models, has led to exceptionally realistic and visually plausible results."
MFABA: A More Faithful and Accelerated Boundary-based Attribution Method for Deep Neural Networks,"To better understand the output of deep neural networks (DNN), attribution based methods have been an important approach for model interpretability, which assign a score for each input dimension to indicate its importance towards the model outcome."
Risk-Sensitive Stochastic Optimal Control as Rao-Blackwellized Markovian Score Climbing,Stochastic optimal control of dynamical systems is a crucial challenge in sequential decision-making.
Dual Attention U-Net with Feature Infusion: Pushing the Boundaries of Multiclass Defect Segmentation,"The proposed architecture, Dual Attentive U-Net with Feature Infusion (DAU-FI Net), addresses challenges in semantic segmentation, particularly on multiclass imbalanced datasets with limited samples."
HW-V2W-Map: Hardware Vulnerability to Weakness Mapping Framework for Root Cause Analysis with GPT-assisted Mitigation Suggestion,The escalating complexity of modern computing frameworks has resulted in a surge in the cybersecurity vulnerabilities reported to the National Vulnerability Database (NVD) by practitioners.
Front stability of infinitely steep travelling waves in population biology,"We establish the existence of travelling wave solutions for these two extensions, and then consider stability of the travelling wave solutions by introducing a lateral perturbation of the travelling wavefront."
LingoQA: Video Question Answering for Autonomous Driving,"To fill this gap, we introduce LingoQA, a benchmark specifically for autonomous driving Video QA."
Bayesian optimized physics-informed neural network for estimating wave propagation velocities,The inverse estimation capability of the proposed approach is tested in three different isotropic media with different wave velocities.
Towards More Faithful Natural Language Explanation Using Multi-Level Contrastive Learning in VQA,"To address the above issues, we propose a novel self-supervised \textbf{M}ulti-level \textbf{C}ontrastive \textbf{L}earning based natural language \textbf{E}xplanation model (MCLE) for VQA with semantic-level, image-level, and instance-level factual and counterfactual samples."
Parrot Captions Teach CLIP to Spot Text,"Despite CLIP being the foundation model in numerous vision-language applications, the CLIP suffers from a severe text spotting bias."
SE(3)-Equivariant and Noise-Invariant 3D Motion Tracking in Medical Images,"Here we propose EquiTrack, the first method that uses recent steerable SE(3)-equivariant CNNs (E-CNN) for motion tracking."
Revisiting Foreground and Background Separation in Weakly-supervised Temporal Action Localization: A Clustering-based Approach,It comprises two core components: a snippet clustering component that groups the snippets into multiple latent clusters and a cluster classification component that further classifies the cluster as foreground or background.
HGE: Embedding Temporal Knowledge Graphs in a Product Space of Heterogeneous Geometric Subspaces,Temporal knowledge graphs may exhibit static temporal patterns at distinct points in time and dynamic temporal patterns between different timestamps.
Fine-tuning Graph Neural Networks by Preserving Graph Generative Patterns,"In this paper, we identify the fundamental cause of structural divergence as the discrepancy of generative patterns between the pre-training and downstream graphs."
TinySAM: Pushing the Envelope for Efficient Segment Anything Model,We first propose a full-stage knowledge distillation method with online hard prompt sampling strategy to distill a lightweight student model.
VCoder: Versatile Vision Encoders for Multimodal Large Language Models,"Secondly, we leverage the images from COCO and outputs from off-the-shelf vision perception models to create our COCO Segmentation Text (COST) dataset for training and evaluating MLLMs on the object perception task."
Upper Bounding Barlow Twins: A Novel Filter for Multi-Relational Clustering,"To overcome this drawback, we propose to learn a graph filter motivated by the theoretical analysis of Barlow Twins."
Weakly Supervised Semantic Segmentation for Driving Scenes,"Notably, the proposed method achieves 51. 8\% mIoU on the Cityscapes test dataset, showcasing its potential as a strong WSSS baseline on driving scene datasets."
Neural Point Cloud Diffusion for Disentangled 3D Shape and Appearance Generation,"However, none of the existing models enable disentangled generation to control the shape and appearance separately."
T-Eval: Evaluating the Tool Utilization Capability Step by Step,"In contrast to previous works that evaluate models holistically, we comprehensively decompose the tool utilization into multiple sub-processes, including instruction following, planning, reasoning, retrieval, understanding, and review."
Structured Probabilistic Coding,"By extracting compact and informative representations from input related to the target task, SPC can enhance the generalization ability of pre-trained language models for better language understanding."
Exploiting Novel GPT-4 APIs,"Language model attacks typically assume one of two extreme threat models: full white-box access to model weights, or black-box access limited to a text generation API."
CR-SAM: Curvature Regularized Sharpness-Aware Minimization,"However, as training progresses, the non-linearity of the loss landscape increases, rendering one-step gradient ascent less effective."
Empowering Few-Shot Recommender Systems with Large Language Models -- Enhanced Representations,Recommender systems utilizing explicit feedback have witnessed significant advancements and widespread applications over the past years.
Invariant Anomaly Detection under Distribution Shifts: A Causal Perspective,"In this work, by leveraging tools from causal inference we attempt to increase the resilience of anomaly detection models to different kinds of distribution shifts."
Anchoring Path for Inductive Relation Prediction in Knowledge Graphs,"To address this challenge, we propose Anchoring Path Sentence Transformer (APST) by introducing Anchoring Paths (APs) to alleviate the reliance of CPs."
Controllable 3D Face Generation with Conditional Style Code Diffusion,"For 3D GAN inversion, we introduce two methods which aim to enhance the representation of style codes and alleviate 3D inconsistencies."
A Comprehensive End-to-End Computer Vision Framework for Restoration and Recognition of Low-Quality Engineering Drawings,Existing computer vision approaches for digitizing engineering drawings typically assume the input drawings have high quality.
Paint3D: Paint Anything 3D with Lighting-Less Texture Diffusion Models,"This paper presents Paint3D, a novel coarse-to-fine generative framework that is capable of producing high-resolution, lighting-less, and diverse 2K UV texture maps for untextured 3D meshes conditioned on text or image inputs."
TagAlign: Improving Vision-Language Alignment with Multi-Tag Classification,The crux of learning vision-language models is to extract semantically aligned information from visual and linguistic data.
3D Pose Estimation of Two Interacting Hands from a Monocular Event Camera,"3D hand tracking from a monocular video is a very challenging problem due to hand interactions, occlusions, left-right hand ambiguity, and fast motion."
SPGroup3D: Superpoint Grouping Network for Indoor 3D Object Detection,"To this end, we propose a novel superpoint grouping network for indoor anchor-free one-stage 3D object detection."
DriveLM: Driving with Graph Visual Question Answering,"The experiments demonstrate that Graph VQA provides a simple, principled framework for reasoning about a driving scene, and DriveLM-Data provides a challenging benchmark for this task."
ChatGPT as a commenter to the news: can LLMs generate human-like opinions?,"ChatGPT, GPT-3. 5, and other large language models (LLMs) have drawn significant attention since their release, and the abilities of these models have been investigated for a wide variety of tasks."
Leveraging Visual Supervision for Array-based Active Speaker Detection and Localization,The multichannel audio ``student'' network is trained to generate the same results.
Response Enhanced Semi-Supervised Dialogue Query Generation,"Based on the observation that the search query is typically related to the topic of dialogue response, we train a response-augmented query producer (RA) to provide rich and effective training signals for QP."
FusDom: Combining In-Domain and Out-of-Domain Knowledge for Continuous Self-Supervised Learning,"Continued pre-training (CP) offers multiple advantages, like target domain adaptation and the potential to exploit the continuous stream of unlabeled data available online."
Cached Transformers: Improving Transformers with Differentiable Memory Cache,"This work introduces a new Transformer model called Cached Transformer, which uses Gated Recurrent Cached (GRC) attention to extend the self-attention mechanism with a differentiable memory cache of tokens."
DGCLUSTER: A Neural Framework for Attributed Graph Clustering via Modularity Maximization,Graph clustering is a fundamental and challenging task in the field of graph mining where the objective is to group the nodes into clusters taking into consideration the topology of the graph.
Building Lane-Level Maps from Aerial Images,"In this paper, we introduce for the first time a large-scale aerial image dataset built for lane detection, with high-quality polyline lane annotations on high-resolution images of around 80 kilometers of road."
Meta-Learning with Versatile Loss Geometries for Fast Adaptation Using Mirror Descent,"Utilizing task-invariant prior knowledge extracted from related tasks, meta-learning is a principled framework that empowers learning a new task especially when data records are limited."
Repaint123: Fast and High-quality One Image to 3D Generation with Progressive Controllable 2D Repainting,The core idea is to combine the powerful image generation capability of the 2D diffusion model and the texture alignment ability of the repainting strategy for generating high-quality multi-view images with consistency.
Towards Efficient Verification of Quantized Neural Networks,"Quantization replaces floating point arithmetic with integer arithmetic in deep neural network models, providing more efficient on-device inference with less power and memory."
CodeLL: A Lifelong Learning Dataset to Support the Co-Evolution of Data and Language Models of Code,"Motivated by recent work on lifelong learning applications for language models (LMs) of code, we introduce CodeLL, a lifelong learning dataset focused on code changes."
Comparing Machine Learning Algorithms by Union-Free Generic Depth,We propose a framework for descriptively analyzing sets of partial orders based on the concept of depth functions.
Diffusion Models With Learned Adaptive Noise,Diffusion models have gained traction as powerful algorithms for synthesizing high-quality images.
Explainable artificial intelligence approaches for brain-computer interfaces: a review and design space,"We propose a design space for XAI4BCI, considering the evolving need to visualize and investigate predictive model outcomes customised for various stakeholders in the BCI development and deployment lifecycle."
FiFAR: A Fraud Detection Dataset for Learning to Defer,"Financial fraud detection is a high-stakes setting where algorithms and human experts often work in tandem; however, there are no publicly available datasets for L2D concerning this important application of human-AI teaming."
Revisiting Deep Generalized Canonical Correlation Analysis,"Others overload the problem by also seeking to reveal what is not common among the views -- i. e., the private components that are needed to fully reconstruct each view."
Assaying on the Robustness of Zero-Shot Machine-Generated Text Detectors,"In an effort to address these issues, we delve into the realm of zero-shot machine-generated text detection."
NodeMixup: Tackling Under-Reaching for Graph Neural Networks,"However, due to the uneven location distribution of labeled nodes in the graph, labeled nodes are only accessible to a small portion of unlabeled nodes, leading to the \emph{under-reaching} issue."
Fed-QSSL: A Framework for Personalized Federated Learning under Bitwidth and Data Heterogeneity,"Motivated by high resource costs of centralized machine learning schemes as well as data privacy concerns, federated learning (FL) emerged as an efficient alternative that relies on aggregating locally trained models rather than collecting clients' potentially private data."
Spectral Prompt Tuning:Unveiling Unseen Classes for Zero-Shot Semantic Segmentation,"Recently, CLIP has found practical utility in the domain of pixel-level zero-shot segmentation tasks."
DiffPortrait3D: Controllable Diffusion for Zero-Shot Portrait View Synthesis,The rendering view is then manipulated with a novel conditional control module that interprets the camera pose by watching a condition image of a crossed subject from the same view.
DVIS++: Improved Decoupled Framework for Universal Video Segmentation,"We present the \textbf{D}ecoupled \textbf{VI}deo \textbf{S}egmentation (DVIS) framework, a novel approach for the challenging task of universal video segmentation, including video instance segmentation (VIS), video semantic segmentation (VSS), and video panoptic segmentation (VPS)."
TagCLIP: A Local-to-Global Framework to Enhance Open-Vocabulary Multi-Label Classification of CLIP Without Training,"As a result, we dissect the preservation of patch-wise spatial information in CLIP and proposed a local-to-global framework to obtain image tags."
AutoXPCR: Automated Multi-Objective Model Selection for Time Series Forecasting,"Our method clearly outperforms other model selection approaches - on average, it only requires 20% of computation costs for recommending models with 90% of the best-possible quality."
Splatter Image: Ultra-Fast Single-View 3D Reconstruction,"We introduce the Splatter Image, an ultra-fast approach for monocular 3D object reconstruction which operates at 38 FPS."
Federated Learning with Extremely Noisy Clients via Negative Distillation,"The model trained on noisy labels serves as a `bad teacher' in knowledge distillation, aiming to decrease the risk of providing incorrect information."
Reducing Shape-Radiance Ambiguity in Radiance Fields with a Closed-Form Color Estimation Method,The key is a rendering method that is only based on the density field.
Partially factorized variational inference for high-dimensional mixed models,"We also provide generic results, which are of independent interest, relating the accuracy of variational inference to the convergence rate of the corresponding coordinate ascent variational inference (CAVI) algorithm for Gaussian targets."
MinePlanner: A Benchmark for Long-Horizon Planning in Large Minecraft Worlds,We propose a new benchmark for planning tasks based on the Minecraft game.
Zero-1-to-3: Domain-level Zero-shot Cognitive Diagnosis via One Batch of Early-bird Students towards Three Diagnostic Objectives,"Consequently, we refine the cognitive states of cold-start students as diagnostic outcomes via virtual data, aligning with the diagnosis-oriented goal."
AdvST: Revisiting Data Augmentations for Single Domain Generalization,"Then, we propose Adversarial learning with Semantics Transformations (AdvST) that augments the source domain data with semantics transformations and learns a robust model with the augmented data."
Machine Mindset: An MBTI Exploration of Large Language Models,"We present a novel approach for integrating Myers-Briggs Type Indicator (MBTI) personality traits into large language models (LLMs), addressing the challenges of personality consistency in personalized AI."
SkyScript: A Large and Semantically Diverse Vision-Language Dataset for Remote Sensing,"Remote sensing imagery, despite its broad applications in helping achieve Sustainable Development Goals and tackle climate change, has not yet benefited from the recent advancements of versatile, task-agnostic vision language models (VLMs)."
Exploring the potential of channel interactions for image restoration,Image restoration aims to reconstruct a clear image from a degraded observation.
Stable Distillation: Regularizing Continued Pre-training for Low-Resource Automatic Speech Recognition,"Specifically, first, we perform vanilla continued pre-training on an initial SSL pre-trained model on the target domain ASR dataset and call it the teacher."
Robust Loss Functions for Training Decision Trees with Noisy Labels,"We consider training decision trees using noisily labeled data, focusing on loss functions that can lead to robust learning algorithms."
Retrieval-augmented Multilingual Knowledge Editing,Knowledge represented in Large Language Models (LLMs) is quite often incorrect and can also become obsolete over time.
Near-Optimal Resilient Aggregation Rules for Distributed Learning Using 1-Center and 1-Mean Clustering with Outliers,"Our analysis show that constant approximations to the 1-center and 1-mean clustering problems with outliers provide near-optimal resilient aggregators for metric-based criteria, which have been proven to be crucial in the homogeneous and heterogeneous cases respectively."
ChatFDA: Medical Records Risk Assessment,"In healthcare, the emphasis on patient safety and the minimization of medical errors cannot be overstated."
LRS: Enhancing Adversarial Transferability through Lipschitz Regularized Surrogate,The transferability of adversarial examples is of central importance to transfer-based black-box adversarial attacks.
Energy-efficient Spiking Neural Network Equalization for IM/DD Systems with Optimized Neural Encoding,We propose an energy-efficient equalizer for IM/DD systems based on spiking neural networks.
StableKD: Breaking Inter-block Optimization Entanglement for Stable Knowledge Distillation,Knowledge distillation (KD) has been recognized as an effective tool to compress and accelerate models.
Parameterized Projected Bellman Operator,"We formulate an optimization problem to learn PBO for generic sequential decision-making problems, and we theoretically analyze its properties in two representative classes of RL problems."
Realistic Rainy Weather Simulation for LiDARs in CARLA Simulator,"To this end, we propose a simulator-based physical modeling approach to augment LiDAR data in rainy weather in order to improve the perception performance of LiDAR in this scenario."
"Performance rating in chess, tennis, and other contexts",The main theorem establishes that the PR$^e$ of a player is equivalent to the TPR whenever the latter is defined.
Turning English-centric LLMs Into Polyglots: How Much Multilinguality Is Needed?,"The vast majority of today's large language models are English-centric, having been pretrained predominantly on English text."
Fine-tuning Large Language Models for Adaptive Machine Translation,These findings emphasise the significance of fine-tuning efficient LLMs like Mistral 7B to yield high-quality zero-shot translations comparable to task-oriented models like NLLB 3. 3B.
BSL: Understanding and Improving Softmax Loss for Recommendation,"Loss functions steer the optimization direction of recommendation models and are critical to model performance, but have received relatively little attention in recent recommendation research."
Towards Fair Graph Federated Learning via Incentive Mechanisms,"Extensive experiments show that our model achieves the best trade-off between accuracy and the fairness of model gradient, as well as superior payoff fairness."
Heterogeneous Transfer Learning for Building High-Dimensional Generalized Linear Models with Disparate Datasets,"In this article, we describe a transfer learning approach for building high-dimensional generalized linear models using data from a main study that has detailed information on all predictors, and from one or more external studies that have ascertained a more limited set of predictors."
ALMANACS: A Simulatability Benchmark for Language Model Explainability,The ALMANACS scenarios span twelve safety-relevant topics such as ethical reasoning and advanced AI behaviors; they have idiosyncratic premises to invoke model-specific behavior; and they have a train-test distributional shift to encourage faithful explanations.
SEER-ZSL: Semantic Encoder-Enhanced Representations for Generalized Zero-Shot Learning,"This approach generates discriminative classes, effectively classifying both seen and unseen classes."
"A General Model for Aggregating Annotations Across Simple, Complex, and Multi-Object Annotation Tasks","Beyond investigating these research questions above, we discuss the foundational concept of annotation complexity, present a new aggregation model as a bridge between traditional models and our own, and contribute a new semi-supervised learning method for complex label aggregation that outperforms prior work."
ECAMP: Entity-centered Context-aware Medical Vision Language Pre-training,"Despite significant advancements in medical vision-language pre-training, existing methods have largely overlooked the inherent entity-specific context within radiology reports and the complex cross-modality contextual relationships between text and images."
Molecular Hypergraph Neural Networks,"To tackle this challenge, we introduce molecular hypergraphs and propose Molecular Hypergraph Neural Networks (MHNN) to predict the optoelectronic properties of organic semiconductors, where hyperedges represent conjugated structures."
Mini-GPTs: Efficient Large Language Models through Contextual Pruning,"In AI research, the optimization of Large Language Models (LLMs) remains a significant challenge, crucial for advancing the field's practical applications and sustainability."
Unlocking Deep Learning: A BP-Free Approach for Parallel Block-Wise Training of Neural Networks,This includes decisions on how to decouple network blocks and which auxiliary networks to use for each block.
A Closer Look at the Few-Shot Adaptation of Large Vision-Language Models,Efficient transfer learning (ETL) is receiving increasing attention to adapt large pre-trained language-vision models on downstream tasks with a few labeled samples.
Time is Encoded in the Weights of Finetuned Language Models,"We present time vectors, a simple tool to customize language models to new time periods."
DSPy Assertions: Computational Constraints for Self-Refining Language Model Pipelines,Our reference implementation of LM Assertions is integrated into DSPy at https://github. com/stanfordnlp/dspy
Deep transfer learning for visual analysis and attribution of paintings by Raphael,Visual analysis and authentication of artworks are challenging tasks central to art history and criticism.
Computational detection of antigen specific B cell receptors following immunization,B cell receptors (BCRs) play a crucial role in recognizing and fighting foreign antigens.
Turning Dust into Gold: Distilling Complex Reasoning Capabilities from LLMs by Leveraging Negative Data,"In this work, we illustrate the merit of negative data and propose a model specialization framework to distill LLMs with negative samples besides positive ones."
Generative Multimodal Models are In-Context Learners,"The human ability to easily solve multimodal tasks in context (i. e., with only a few demonstrations or simple instructions), is what current multimodal systems have largely struggled to imitate."
VITA: 'Carefully Chosen and Weighted Less' Is Better in Medication Recommendation,"While there exist a number of recommender systems designed for this problem, we point out that they are challenged in accurately capturing the relation (spec., the degree of relevance) between the current and each of the past visits for the patient when obtaining her current health status, which is the basis for recommending medications."
Coreference Graph Guidance for Mind-Map Generation,Then we employ a coreference graph encoder to mine the potential governing relations between sentences.
Hierarchical Vision Transformers for Context-Aware Prostate Cancer Grading in Whole Slide Images,"Vision Transformers (ViTs) have ushered in a new era in computer vision, showcasing unparalleled performance in many challenging tasks."
Convolutional Channel-wise Competitive Learning for the Forward-Forward Algorithm,The Forward-Forward (FF) Algorithm has been recently proposed to alleviate the issues of backpropagation (BP) commonly used to train deep neural networks.
SCoTTi: Save Computation at Training Time with an adaptive framework,"On-device training is an emerging approach in machine learning where models are trained on edge devices, aiming to enhance privacy protection and real-time performance."
"MDD-UNet: Domain Adaptation for Medical Image Segmentation with Theoretical Guarantees, a Proof of Concept","The current state-of-the art techniques for image segmentation are often based on U-Net architectures, a U-shaped encoder-decoder networks with skip connections."
Tracking Any Object Amodally,We achieve a 3. 3\% and 1. 6\% improvement on the detection and tracking of occluded objects on TAO-Amodal.
On Inference Stability for Diffusion Models,"To minimize that gap, we propose a novel \textit{sequence-aware} loss that aims to reduce the estimation gap to enhance the sampling quality."
Fluctuation-based Adaptive Structured Pruning for Large Language Models,Retraining-free is important for LLMs' pruning methods.
Self-Supervised Detection of Perfect and Partial Input-Dependent Symmetries,"Group equivariance ensures consistent responses to group transformations of the input, leading to more robust models and enhanced generalization capabilities."
Best Arm Identification with Fixed Budget: A Large Deviation Perspective,"In particular, we present \sred (Continuous Rejects), a truly adaptive algorithm that can reject arms in {\it any} round based on the observed empirical gaps between the rewards of various arms."
Empowering Dual-Level Graph Self-Supervised Pretraining with Motif Discovery,"While self-supervised graph pretraining techniques have shown promising results in various domains, their application still experiences challenges of limited topology learning, human knowledge dependency, and incompetent multi-level interactions."
Bypassing the Safety Training of Open-Source LLMs with Priming Attacks,With the recent surge in popularity of LLMs has come an ever-increasing need for LLM safety training.
FedDiv: Collaborative Noise Filtering for Federated Learning with Noisy Labels,"However, these prior methods do not learn noise filters by exploiting knowledge across all clients, leading to sub-optimal and inferior noise filtering performance and thus damaging training stability."
Learning Deterministic Surrogates for Robust Convex QCQPs,It enables us to train prediction models that reflect the contextual sensitivity structure of the problem.
Urban Generative Intelligence (UGI): A Foundational Platform for Agents in Embodied City Environment,"Urban environments, characterized by their complex, multi-layered networks encompassing physical, social, economic, and environmental dimensions, face significant challenges in the face of rapid urbanization."
Singular Control of (Reflected) Brownian Motion: A Computational Method Suitable for Queueing Applications,"Motivated by applications in queueing theory, we consider a class of singular stochastic control problems whose state space is the $d$%-dimensional positive orthant."
Distilling Autoregressive Models to Obtain High-Performance Non-Autoregressive Solvers for Vehicle Routing Problems with Faster Inference Speed,"To the best of our knowledge, this study is first-of-its-kind to obtain NAR VRP solvers from AR ones through knowledge distillation."
"Fast, Scalable, Warm-Start Semidefinite Programming with Spectral Bundling and Sketching","Moveover, when augmented with an optional matrix sketching technique, our algorithm achieves the dramatically improved scalability of previous work while sustaining convergence speed."
Studying the Practices of Testing Machine Learning Software in the Wild,"Aims: To fill this gap, we perform the first fine-grained empirical study on ML testing practices in the wild, to identify the ML properties being tested, the followed testing strategies, and their implementation throughout the ML workflow."
Optimizing Neural Networks with Gradient Lexicase Selection,"Lexicase selection is an uncompromising method developed in evolutionary computation, which selects models on the basis of sequences of individual training case errors instead of using aggregated metrics such as loss and accuracy."
Principled Weight Initialisation for Input-Convex Neural Networks,"By studying signal propagation through layers with non-negative weights, we are able to derive a principled weight initialisation for ICNNs."
A Challenger to GPT-4V? Early Explorations of Gemini in Visual Expertise,"They endow Large Language Models (LLMs) with powerful capabilities in visual understanding, enabling them to tackle diverse multi-modal tasks."
Beyond Prototypes: Semantic Anchor Regularization for Better Representation Learning,"By pulling the learned features to these semantic anchors, several advantages can be attained: 1) the intra-class compactness and naturally inter-class separability, 2) induced bias or errors from feature learning can be avoided, and 3) robustness to the long-tailed problem."
Survey on Trustworthy Graph Neural Networks: From A Causal Perspective,"Moreover, we introduce a taxonomy of Causality-Inspired GNNs (CIGNNs) based on the type of causal learning capability they are equipped with, i. e., causal reasoning and causal representation learning."
Big Learning Expectation Maximization,Mixture models serve as one fundamental tool with versatile applications.
FontDiffuser: One-Shot Font Generation via Denoising Diffusion with Multi-Scale Content Aggregation and Style Contrastive Learning,"Automatic font generation is an imitation task, which aims to create a font library that mimics the style of reference images while preserving the content from source images."
VQA4CIR: Boosting Composed Image Retrieval with Visual Question Answering,"By feeding the retrieved image and question to the VQA model, one can find the images inconsistent with relative caption when the answer by VQA is inconsistent with the answer in the QA pair."
Sample Efficient Reinforcement Learning with Partial Dynamics Knowledge,"In the setting of finite episodic Markov decision processes with $S$ states, $A$ actions, and episode length $H$, we present an optimistic Q-learning algorithm that achieves $\tilde{\mathcal{O}}(\text{Poly}(H)\sqrt{T})$ regret under perfect knowledge of $f$, where $T$ is the total number of interactions with the system."
Towards Balanced Alignment: Modal-Enhanced Semantic Modeling for Video Moment Retrieval,"In this paper, we introduce Modal-Enhanced Semantic Modeling (MESM), a novel framework for more balanced alignment through enhancing features at two levels."
Expressive Forecasting of 3D Whole-body Human Motions,"Human motion forecasting, with the goal of estimating future human behavior over a period of time, is a fundamental task in many real-world applications."
A Case Study in CUDA Kernel Fusion: Implementing FlashAttention-2 on NVIDIA Hopper Architecture using the CUTLASS Library,"We provide an optimized implementation of the forward pass of FlashAttention-2, a popular memory-aware scaled dot-product attention algorithm, as a custom fused CUDA kernel targeting NVIDIA Hopper architecture and written using the open-source CUTLASS library."
Context Disentangling and Prototype Inheriting for Robust Visual Grounding,"In this paper, we propose a novel framework with context disentangling and prototype inheriting for robust visual grounding to handle both scenes."
Control Aspects for Using RIS in Latency-Constrained Mobile Edge Computing,"This paper investigates the role and the impact of control operations for dynamic mobile edge computing (MEC) empowered by Reconfigurable Intelligent Surfaces (RISs), in which multiple devices offload their computation tasks to an access point (AP) equipped with an edge server (ES), with the help of the RIS."
LHManip: A Dataset for Long-Horizon Language-Grounded Manipulation Tasks in Cluttered Tabletop Environments,Instructing a robot to complete an everyday task within our homes has been a long-standing challenge for robotics.
When Model Meets New Normals: Test-time Adaptation for Unsupervised Time-series Anomaly Detection,Time-series anomaly detection deals with the problem of detecting anomalous timesteps by learning normality from the sequence of observations.
A Dual-way Enhanced Framework from Text Matching Point of View for Multimodal Entity Linking,"Multimodal Entity Linking (MEL) aims at linking ambiguous mentions with multimodal information to entity in Knowledge Graph (KG) such as Wikipedia, which plays a key role in many applications."
Object-Aware Domain Generalization for Object Detection,"To address these problems, we propose an object-aware domain generalization (OA-DG) method for single-domain generalization in object detection."
Calibrating Wireless Ray Tracing for Digital Twinning using Local Phase Error Estimates,"This paper proposes a novel channel response-based scheme that, unlike the state of the art, estimates and compensates for the phase errors in the RT-generated channel responses."
Scalable Geometric Fracture Assembly via Co-creation Space among Assemblers,"Therefore, there is a need to develop a scalable framework for geometric fracture assembly without relying on semantic information."
3D-LFM: Lifting Foundation Model,The lifting of 3D structure and camera from 2D landmarks is at the cornerstone of the entire discipline of computer vision.
Knowledge Graph Error Detection with Contrastive Confidence Adaption,Knowledge graphs (KGs) often contain various errors.
Can Transformers Learn Sequential Function Classes In Context?,"We provide evidence that transformers can reason with and understand sequentiality encoded within function classes, as reflected by the effective learning of our proposed tasks."
M-BEV: Masked BEV Perception for Robust Autonomous Driving,"It mimics various missing cases by randomly masking features of different camera views, then leverages the original features of these views as self-supervision, and reconstructs the masked ones with the distinct spatio-temporal context across views."
The Convex Landscape of Neural Networks: Characterizing Global Optima and Stationary Points via Lasso Models,We also show that all the stationary of the nonconvex training objective can be characterized as the global optimum of a subsampled convex program.
Avoiding Data Contamination in Language Model Evaluation: Dynamic Test Construction with Latest Materials,"Data contamination in evaluation is getting increasingly prevalent with the emerge of language models pre-trained on super large, automatically-crawled corpora."
Regulating Intermediate 3D Features for Vision-Centric Autonomous Driving,"To resolve this problem, we propose to regulate intermediate dense 3D features with the help of volume rendering."
IS-DARTS: Stabilizing DARTS through Precise Measurement on Candidate Importance,"Among existing Neural Architecture Search methods, DARTS is known for its efficiency and simplicity."
Decoupled Textual Embeddings for Customized Image Generation,"To decouple irrelevant attributes (i. e., background and pose) from the subject embedding, we further present several attribute mappers that encode each image as several image-specific subject-unrelated embeddings."
Relation-Aware Question Answering for Heterogeneous Knowledge Graphs,"To address this issue, we construct a \textbf{dual relation graph} where each node denotes a relation in the original KG (\textbf{primal entity graph}) and edges are constructed between relations sharing same head or tail entities."
Large Language Models Play StarCraft II: Benchmarks and A Chain of Summarization Approach,StarCraft II is a challenging benchmark for AI agents due to the necessity of both precise micro level operations and strategic macro awareness.
Chasing Fairness in Graphs: A GNN Architecture Perspective,"To this end, we aim to achieve fairness via a new GNN architecture."
DSAF: A Dual-Stage Adaptive Framework for Numerical Weather Prediction Downscaling,"While widely recognized as one of the most substantial weather forecasting methodologies, Numerical Weather Prediction (NWP) usually suffers from relatively coarse resolution and inevitable bias due to tempo-spatial discretization, physical parametrization process, and computation limitation."
"Point Cloud Part Editing: Segmentation, Generation, Assembly, and Selection","Based on this process, we introduce SGAS, a model for part editing that employs two strategies: feature disentanglement and constraint."
XLand-MiniGrid: Scalable Meta-Reinforcement Learning Environments in JAX,"We present XLand-MiniGrid, a suite of tools and grid-world environments for meta-reinforcement learning research inspired by the diversity and depth of XLand and the simplicity and minimalism of MiniGrid."
CLIP-DINOiser: Teaching CLIP a few DINO tricks,"We propose to locally improve dense MaskCLIP features, computed with a simple modification of CLIP's last pooling layer, by integrating localization priors extracted from self-supervised features."
Rectangle Search: An Anytime Beam Search (Extended Version),"In this paper, we propose a new algorithm, rectangle search, that is instead based on beam search, a variant of breadth-first search."
"Celestial Machine Learning: Discovering the Planarity, Heliocentricity, and Orbital Equation of Mars with AI Feynman",Can a machine or algorithm discover or learn the elliptical orbit of Mars from astronomical sightings alone?
SoftCTM: Cell detection by soft instance segmentation and consideration of cell-tissue interaction,"We find that a ""soft"", probability-map instance segmentation ground truth leads to best model performance."
COOPER: Coordinating Specialized Agents towards a Complex Dialogue Goal,"In recent years, there has been a growing interest in exploring dialogues with more complex goals, such as negotiation, persuasion, and emotional support, which go beyond traditional service-focused dialogue systems."
StreamDiffusion: A Pipeline-level Solution for Real-time Interactive Generation,"We introduce StreamDiffusion, a real-time diffusion pipeline designed for interactive image generation."
